{
  "duval_verify": {
    "uncovered": 0,
    "spotchecks_pass": true
  },
  "dedup": {
    "before": 2321,
    "after": 1982,
    "removed": 339
  },
  "phase1_separation": {
    "normal_p90_ppm": 37.752,
    "fault_p10_ppm": 79.632
  },
  "phase2": {
    "duval_3gas": 0.473,
    "rf_3gas": 0.694,
    "rf_5gas": 0.809,
    "macro_f1": 0.771,
    "algo_gain": 0.221,
    "info_gain": 0.115
  },
  "calibration": {
    "ece": 0.072,
    "high_conf_error_rate": 0.035,
    "bins": [
      [
        0.415,
        0.522,
        186
      ],
      [
        0.553,
        0.669,
        154
      ],
      [
        0.654,
        0.793,
        174
      ],
      [
        0.747,
        0.807,
        197
      ],
      [
        0.853,
        0.917,
        218
      ],
      [
        0.954,
        0.965,
        342
      ]
    ]
  },
  "noise_curve": {
    "0%": [
      0.783289817232376,
      0.4725848563968669
    ],
    "10%": [
      0.7883812010443865,
      0.47180156657963446
    ],
    "20%": [
      0.7839425587467365,
      0.4737597911227153
    ],
    "30%": [
      0.7765013054830286,
      0.47088772845953
    ],
    "50%": [
      0.7654046997389033,
      0.46240208877284583
    ]
  },
  "boundary": {
    "n_boundary": 17,
    "n_interior": 329,
    "rf_boundary": 0.765,
    "duval_boundary": 0.294,
    "rf_interior": 0.781,
    "duval_interior": 0.502
  }
}