{
  "duval_verify": {
    "uncovered": 0,
    "spotchecks_pass": true
  },
  "dedup": {
    "before": 2321,
    "after": 1982,
    "removed": 339
  },
  "phase1_separation": {
    "normal_p90_ppm": 37.752,
    "fault_p10_ppm": 79.632
  },
  "phase2": {
    "duval_3gas": 0.473,
    "rf_3gas": 0.678,
    "rf_5gas": 0.797,
    "macro_f1": 0.758,
    "algo_gain": 0.205,
    "info_gain": 0.118
  },
  "calibration": {
    "ece": 0.077,
    "high_conf_error_rate": 0.046,
    "bins": [
      [
        0.41,
        0.503,
        191
      ],
      [
        0.552,
        0.644,
        177
      ],
      [
        0.652,
        0.827,
        202
      ],
      [
        0.751,
        0.831,
        201
      ],
      [
        0.855,
        0.915,
        223
      ],
      [
        0.953,
        0.953,
        277
      ]
    ]
  },
  "noise_curve": {
    "0%": [
      0.7859007832898172,
      0.4725848563968669
    ],
    "10%": [
      0.7840731070496083,
      0.47180156657963446
    ],
    "20%": [
      0.7814621409921669,
      0.4737597911227153
    ],
    "30%": [
      0.7721932114882507,
      0.47088772845953
    ],
    "50%": [
      0.7562663185378591,
      0.46240208877284583
    ]
  },
  "boundary": {
    "n_boundary": 17,
    "n_interior": 329,
    "rf_boundary": 0.706,
    "duval_boundary": 0.294,
    "rf_interior": 0.796,
    "duval_interior": 0.502
  }
}