{
  "noise_levels": [
    0.0,
    0.05,
    0.1,
    0.15,
    0.2,
    0.3,
    0.4,
    0.5
  ],
  "rf_accuracy": [
    0.7457627118644068,
    0.7542372881355932,
    0.7372881355932204,
    0.7542372881355932,
    0.7542372881355932,
    0.6779661016949152,
    0.6101694915254238,
    0.652542372881356
  ],
  "duval_accuracy": [
    0.5084745762711864,
    0.5,
    0.4745762711864407,
    0.5084745762711864,
    0.4322033898305085,
    0.4661016949152542,
    0.4406779661016949,
    0.423728813559322
  ]
}